dr_source_id;dr_id;source_id;external_id;source_url;payload_json;created_at
;773;46;221;https://mecfsmed.de/adressen/thomas-bahmer-775673;"{""id"": 221, ""attributes"": {""first_name"": ""Thomas"", ""last_name"": ""Bahmer"", ""street"": ""Mittelweg 123"", ""zipcode"": ""20148"", ""city"": ""Hamburg"", ""phone"": ""+49 40 2100 668 1"", ""email"": ""hallo@hamburgerlungenpraxis.de"", ""website"": ""hamburgerlungenpraxis.de"", ""title"": ""Prof. Dr. med."", ""insurance"": ""privat"", ""language"": """", ""createdAt"": ""2025-08-16T08:13:03.379Z"", ""updatedAt"": ""2025-09-22T12:43:15.502Z"", ""publishedAt"": ""2025-09-22T12:43:15.494Z"", ""slug"": ""thomas-bahmer-775673"", ""lng"": ""9.994844299999999"", ""lat"": ""53.5718057"", ""comment"": """", ""professions"": {""data"": [{""id"": 29, ""attributes"": {""type"": ""Pneumologie"", ""createdAt"": ""2023-10-06T21:17:34.169Z"", ""updatedAt"": ""2023-10-09T17:45:12.113Z""}}, {""id"": 2, ""attributes"": {""type"": ""Innere Medizin"", ""createdAt"": ""2023-10-03T13:47:21.671Z"", ""updatedAt"": ""2023-10-09T17:45:11.922Z""}}]}, ""treatment_options"": {""data"": [{""id"": 12, ""attributes"": {""option"": ""Expertise in PostVac"", ""verificationCount"": null, ""createdAt"": ""2023-10-07T23:10:14.085Z"", ""updatedAt"": ""2023-10-09T17:45:11.171Z""}}, {""id"": 4, ""attributes"": {""option"": ""Stellt die Diagnose für ME/CFS (G93.3)"", ""verificationCount"": null, ""createdAt"": ""2023-10-07T23:04:00.259Z"", ""updatedAt"": ""2023-12-21T13:58:26.042Z""}}, {""id"": 1, ""attributes"": {""option"": ""Kennt sich mit ME/CFS aus"", ""verificationCount"": null, ""createdAt"": ""2023-10-07T23:02:44.680Z"", ""updatedAt"": ""2023-10-09T17:45:11.102Z""}}, {""id"": 3, ""attributes"": {""option"": ""Akzeptiert die Diagnose ME/CFS"", ""verificationCount"": null, ""createdAt"": ""2023-10-07T23:03:29.856Z"", ""updatedAt"": ""2023-10-09T17:45:11.112Z""}}, {""id"": 5, ""attributes"": {""option"": ""Behandelt ME/CFS (z. B. off-label)"", ""verificationCount"": null, ""createdAt"": ""2023-10-07T23:04:28.225Z"", ""updatedAt"": ""2023-10-09T17:45:11.130Z""}}, {""id"": 6, ""attributes"": {""option"": ""Stellt Gutachten bzw. Atteste aus"", ""verificationCount"": null, ""createdAt"": ""2023-10-07T23:04:48.979Z"", ""updatedAt"": ""2023-10-09T17:45:11.136Z""}}, {""id"": 10, ""attributes"": {""option"": ""Ich habe mich ernstgenommen gefühlt"", ""verificationCount"": null, ""createdAt"": ""2023-10-07T23:08:12.429Z"", ""updatedAt"": ""2023-10-09T17:45:11.159Z""}}, {""id"": 11, ""attributes"": {""option"": ""Expertise in Long/Post Covid"", ""verificationCount"": null, ""createdAt"": ""2023-10-07T23:10:03.413Z"", ""updatedAt"": ""2023-10-09T17:45:11.165Z""}}]}, ""reviews"": {""data"": []}, ""accessibility_options"": {""data"": []}}}";
;774;46;233;https://mecfsmed.de/adressen/thomas-vogel-802532;"{""id"": 233, ""attributes"": {""first_name"": ""Thomas"", ""last_name"": ""Vogel"", ""street"": ""Alfred-Delp-Straße 2"", ""zipcode"": ""73430"", ""city"": "" Aalen"", ""phone"": ""+49 7361 68466"", ""email"": ""praxis@dr-thomas-vogel.de"", ""website"": ""dr-thomas-vogel.de"", ""title"": ""Dr. med."", ""insurance"": ""beides"", ""language"": ""Deutsch "", ""createdAt"": ""2025-09-23T13:13:23.949Z"", ""updatedAt"": ""2025-09-23T13:25:22.476Z"", ""publishedAt"": ""2025-09-23T13:25:22.469Z"", ""slug"": ""thomas-vogel-802532"", ""lng"": ""10.0875482"", ""lat"": ""48.8376419"", ""comment"": """", ""professions"": {""data"": [{""id"": 3, ""attributes"": {""type"": ""Allgemeinmedizin"", ""createdAt"": ""2023-10-06T21:08:56.162Z"", ""updatedAt"": ""2023-10-09T17:45:11.930Z""}}]}, ""treatment_options"": {""data"": [{""id"": 10, ""attributes"": {""option"": ""Ich habe mich ernstgenommen gefühlt"", ""verificationCount"": null, ""createdAt"": ""2023-10-07T23:08:12.429Z"", ""updatedAt"": ""2023-10-09T17:45:11.159Z""}}, {""id"": 11, ""attributes"": {""option"": ""Expertise in Long/Post Covid"", ""verificationCount"": null, ""createdAt"": ""2023-10-07T23:10:03.413Z"", ""updatedAt"": ""2023-10-09T17:45:11.165Z""}}]}, ""reviews"": {""data"": []}, ""accessibility_options"": {""data"": [{""id"": 6, ""attributes"": {""option"": ""In der Praxis wird auf Infektionsschutz geachtet (z. B. Maske tragen)"", ""verificationCount"": null, ""createdAt"": ""2023-10-08T21:27:58.672Z"", ""updatedAt"": ""2023-10-08T21:27:58.672Z""}}, {""id"": 10, ""attributes"": {""option"": ""Es gibt Parkplätze direkt vor oder sehr nahe der Praxis"", ""verificationCount"": null, ""createdAt"": ""2023-10-08T21:27:30.132Z"", ""updatedAt"": ""2023-10-09T17:45:11.198Z""}}]}}}";
;775;46;236;https://mecfsmed.de/adressen/anke-risse-252365;"{""id"": 236, ""attributes"": {""first_name"": ""Anke"", ""last_name"": ""Risse"", ""street"": ""Zeltinger Straße 3"", ""zipcode"": ""13465"", ""city"": ""Berlin "", ""phone"": ""+49 30 4011 445"", ""email"": ""info@allgemeinarzt-berlin.net"", ""website"": ""allgemeinarzt-berlin.net"", ""title"": ""Dr. med."", ""insurance"": ""privat"", ""language"": ""Deutsch "", ""createdAt"": ""2025-10-13T15:14:12.906Z"", ""updatedAt"": ""2025-10-13T15:16:56.012Z"", ""publishedAt"": ""2025-10-13T15:16:56.002Z"", ""slug"": ""anke-risse-252365"", ""lng"": ""13.291286"", ""lat"": ""52.6347979"", ""comment"": """", ""professions"": {""data"": [{""id"": 3, ""attributes"": {""type"": ""Allgemeinmedizin"", ""createdAt"": ""2023-10-06T21:08:56.162Z"", ""updatedAt"": ""2023-10-09T17:45:11.930Z""}}]}, ""treatment_options"": {""data"": [{""id"": 4, ""attributes"": {""option"": ""Stellt die Diagnose für ME/CFS (G93.3)"", ""verificationCount"": null, ""createdAt"": ""2023-10-07T23:04:00.259Z"", ""updatedAt"": ""2023-12-21T13:58:26.042Z""}}, {""id"": 15, ""attributes"": {""option"": ""Macht Immundiagnostik"", ""verificationCount"": null, ""createdAt"": ""2023-12-21T13:57:46.789Z"", ""updatedAt"": ""2023-12-21T13:59:04.683Z""}}, {""id"": 16, ""attributes"": {""option"": ""Arbeitet mit IMD"", ""verificationCount"": null, ""createdAt"": ""2023-12-21T13:59:22.522Z"", ""updatedAt"": ""2023-12-21T13:59:22.522Z""}}, {""id"": 17, ""attributes"": {""option"": ""Kennt sich mit POTS/Dysautonomien aus"", ""verificationCount"": null, ""createdAt"": ""2024-01-03T19:02:33.130Z"", ""updatedAt"": ""2024-01-03T19:03:19.796Z""}}, {""id"": 1, ""attributes"": {""option"": ""Kennt sich mit ME/CFS aus"", ""verificationCount"": null, ""createdAt"": ""2023-10-07T23:02:44.680Z"", ""updatedAt"": ""2023-10-09T17:45:11.102Z""}}, {""id"": 3, ""attributes"": {""option"": ""Akzeptiert die Diagnose ME/CFS"", ""verificationCount"": null, ""createdAt"": ""2023-10-07T23:03:29.856Z"", ""updatedAt"": ""2023-10-09T17:45:11.112Z""}}, {""id"": 5, ""attributes"": {""option"": ""Behandelt ME/CFS (z. B. off-label)"", ""verificationCount"": null, ""createdAt"": ""2023-10-07T23:04:28.225Z"", ""updatedAt"": ""2023-10-09T17:45:11.130Z""}}, {""id"": 6, ""attributes"": {""option"": ""Stellt Gutachten bzw. Atteste aus"", ""verificationCount"": null, ""createdAt"": ""2023-10-07T23:04:48.979Z"", ""updatedAt"": ""2023-10-09T17:45:11.136Z""}}, {""id"": 10, ""attributes"": {""option"": ""Ich habe mich ernstgenommen gefühlt"", ""verificationCount"": null, ""createdAt"": ""2023-10-07T23:08:12.429Z"", ""updatedAt"": ""2023-10-09T17:45:11.159Z""}}, {""id"": 11, ""attributes"": {""option"": ""Expertise in Long/Post Covid"", ""verificationCount"": null, ""createdAt"": ""2023-10-07T23:10:03.413Z"", ""updatedAt"": ""2023-10-09T17:45:11.165Z""}}]}, ""reviews"": {""data"": []}, ""accessibility_options"": {""data"": [{""id"": 1, ""attributes"": {""option"": ""Die Praxis ist stufenlos erreichbar"", ""verificationCount"": null, ""createdAt"": ""2023-10-07T23:17:10.789Z"", ""updatedAt"": ""2023-10-08T21:25:20.088Z""}}, {""id"": 10, ""attributes"": {""option"": ""Es gibt Parkplätze direkt vor oder sehr nahe der Praxis"", ""verificationCount"": null, ""createdAt"": ""2023-10-08T21:27:30.132Z"", ""updatedAt"": ""2023-10-09T17:45:11.198Z""}}, {""id"": 18, ""attributes"": {""option"": ""Kontakt per E-Mail möglich"", ""verificationCount"": null, ""createdAt"": ""2023-12-21T14:04:11.613Z"", ""updatedAt"": ""2023-12-21T14:04:11.613Z""}}, {""id"": 19, ""attributes"": {""option"": ""Bietet Telefontermine an"", ""verificationCount"": null, ""createdAt"": ""2023-12-21T14:04:28.958Z"", ""updatedAt"": ""2023-12-21T14:04:28.958Z""}}, {""id"": 16, ""attributes"": {""option"": ""Bietet Videosprechstunde an"", ""verificationCount"": null, ""createdAt"": ""2023-12-21T14:03:35.234Z"", ""updatedAt"": ""2023-12-21T14:04:35.539Z""}}]}}}";
;776;46;222;https://mecfsmed.de/adressen/patrick-gerner-294034;"{""id"": 222, ""attributes"": {""first_name"": ""Patrick"", ""last_name"": ""Gerner"", ""street"": ""Ebertplatz 12"", ""zipcode"": ""77654"", ""city"": ""Offenburg"", ""phone"": """", ""email"": ""kinderarztpraxis-offenburg@ortenau-mvz.de"", ""website"": ""ortenau-mvz.de/standorte/offenburg-ebertplatz/paediatrie/"", ""title"": ""Prof. Dr. med."", ""insurance"": ""beides"", ""language"": """", ""createdAt"": ""2025-08-17T20:30:26.303Z"", ""updatedAt"": ""2025-09-22T12:45:36.057Z"", ""publishedAt"": ""2025-09-22T12:45:36.050Z"", ""slug"": ""patrick-gerner-294034"", ""lng"": ""7.9560849"", ""lat"": ""48.4762661"", ""comment"": """", ""professions"": {""data"": [{""id"": 31, ""attributes"": {""type"": ""Kinder- und Jugendmedizin"", ""createdAt"": ""2023-10-06T21:17:54.282Z"", ""updatedAt"": ""2023-10-09T17:45:12.124Z""}}]}, ""treatment_options"": {""data"": [{""id"": 12, ""attributes"": {""option"": ""Expertise in PostVac"", ""verificationCount"": null, ""createdAt"": ""2023-10-07T23:10:14.085Z"", ""updatedAt"": ""2023-10-09T17:45:11.171Z""}}, {""id"": 4, ""attributes"": {""option"": ""Stellt die Diagnose für ME/CFS (G93.3)"", ""verificationCount"": null, ""createdAt"": ""2023-10-07T23:04:00.259Z"", ""updatedAt"": ""2023-12-21T13:58:26.042Z""}}, {""id"": 19, ""attributes"": {""option"": ""Behandelt auch Kinder"", ""verificationCount"": null, ""createdAt"": ""2024-01-04T15:44:03.851Z"", ""updatedAt"": ""2024-01-04T15:44:03.851Z""}}, {""id"": 1, ""attributes"": {""option"": ""Kennt sich mit ME/CFS aus"", ""verificationCount"": null, ""createdAt"": ""2023-10-07T23:02:44.680Z"", ""updatedAt"": ""2023-10-09T17:45:11.102Z""}}, {""id"": 2, ""attributes"": {""option"": ""Hat von ME/CFS schon einmal gehört"", ""verificationCount"": null, ""createdAt"": ""2023-10-07T23:03:09.797Z"", ""updatedAt"": ""2023-10-09T17:45:11.107Z""}}, {""id"": 3, ""attributes"": {""option"": ""Akzeptiert die Diagnose ME/CFS"", ""verificationCount"": null, ""createdAt"": ""2023-10-07T23:03:29.856Z"", ""updatedAt"": ""2023-10-09T17:45:11.112Z""}}, {""id"": 5, ""attributes"": {""option"": ""Behandelt ME/CFS (z. B. off-label)"", ""verificationCount"": null, ""createdAt"": ""2023-10-07T23:04:28.225Z"", ""updatedAt"": ""2023-10-09T17:45:11.130Z""}}, {""id"": 11, ""attributes"": {""option"": ""Expertise in Long/Post Covid"", ""verificationCount"": null, ""createdAt"": ""2023-10-07T23:10:03.413Z"", ""updatedAt"": ""2023-10-09T17:45:11.165Z""}}]}, ""reviews"": {""data"": []}, ""accessibility_options"": {""data"": []}}}";
;777;46;232;https://mecfsmed.de/adressen/katharina-kirsch-183298;"{""id"": 232, ""attributes"": {""first_name"": ""Katharina"", ""last_name"": ""Kirsch"", ""street"": ""Neumarkt 8–10"", ""zipcode"": ""50667"", ""city"": ""Köln "", ""phone"": ""+49 221 2727 700 "", ""email"": ""mail@praxis-nau.de"", ""website"": ""praxis-nau.de"", ""title"": ""Dr. med."", ""insurance"": ""beides"", ""language"": """", ""createdAt"": ""2025-09-18T15:16:30.436Z"", ""updatedAt"": ""2025-09-22T12:37:33.659Z"", ""publishedAt"": ""2025-09-22T12:37:33.653Z"", ""slug"": ""katharina-kirsch-183298"", ""lng"": ""6.948293"", ""lat"": ""50.9368506"", ""comment"": """", ""professions"": {""data"": [{""id"": 4, ""attributes"": {""type"": ""Neurologie"", ""createdAt"": ""2023-10-06T21:09:06.307Z"", ""updatedAt"": ""2023-10-09T17:45:11.938Z""}}]}, ""treatment_options"": {""data"": [{""id"": 13, ""attributes"": {""option"": ""Gendersensibel"", ""verificationCount"": null, ""createdAt"": ""2023-12-21T13:56:05.411Z"", ""updatedAt"": ""2023-12-21T13:57:12.015Z""}}, {""id"": 14, ""attributes"": {""option"": ""Queer-/transfreundlich"", ""verificationCount"": null, ""createdAt"": ""2023-12-21T13:56:54.329Z"", ""updatedAt"": ""2023-12-21T13:57:17.467Z""}}, {""id"": 4, ""attributes"": {""option"": ""Stellt die Diagnose für ME/CFS (G93.3)"", ""verificationCount"": null, ""createdAt"": ""2023-10-07T23:04:00.259Z"", ""updatedAt"": ""2023-12-21T13:58:26.042Z""}}, {""id"": 17, ""attributes"": {""option"": ""Kennt sich mit POTS/Dysautonomien aus"", ""verificationCount"": null, ""createdAt"": ""2024-01-03T19:02:33.130Z"", ""updatedAt"": ""2024-01-03T19:03:19.796Z""}}, {""id"": 1, ""attributes"": {""option"": ""Kennt sich mit ME/CFS aus"", ""verificationCount"": null, ""createdAt"": ""2023-10-07T23:02:44.680Z"", ""updatedAt"": ""2023-10-09T17:45:11.102Z""}}, {""id"": 3, ""attributes"": {""option"": ""Akzeptiert die Diagnose ME/CFS"", ""verificationCount"": null, ""createdAt"": ""2023-10-07T23:03:29.856Z"", ""updatedAt"": ""2023-10-09T17:45:11.112Z""}}, {""id"": 5, ""attributes"": {""option"": ""Behandelt ME/CFS (z. B. off-label)"", ""verificationCount"": null, ""createdAt"": ""2023-10-07T23:04:28.225Z"", ""updatedAt"": ""2023-10-09T17:45:11.130Z""}}, {""id"": 6, ""attributes"": {""option"": ""Stellt Gutachten bzw. Atteste aus"", ""verificationCount"": null, ""createdAt"": ""2023-10-07T23:04:48.979Z"", ""updatedAt"": ""2023-10-09T17:45:11.136Z""}}, {""id"": 10, ""attributes"": {""option"": ""Ich habe mich ernstgenommen gefühlt"", ""verificationCount"": null, ""createdAt"": ""2023-10-07T23:08:12.429Z"", ""updatedAt"": ""2023-10-09T17:45:11.159Z""}}, {""id"": 11, ""attributes"": {""option"": ""Expertise in Long/Post Covid"", ""verificationCount"": null, ""createdAt"": ""2023-10-07T23:10:03.413Z"", ""updatedAt"": ""2023-10-09T17:45:11.165Z""}}]}, ""reviews"": {""data"": []}, ""accessibility_options"": {""data"": [{""id"": 1, ""attributes"": {""option"": ""Die Praxis ist stufenlos erreichbar"", ""verificationCount"": null, ""createdAt"": ""2023-10-07T23:17:10.789Z"", ""updatedAt"": ""2023-10-08T21:25:20.088Z""}}, {""id"": 2, ""attributes"": {""option"": ""Es gibt automatische Türen"", ""verificationCount"": null, ""createdAt"": ""2023-10-08T21:26:41.882Z"", ""updatedAt"": ""2023-10-08T21:26:41.882Z""}}, {""id"": 14, ""attributes"": {""option"": ""Praxis hat eine Klimaanlage"", ""verificationCount"": null, ""createdAt"": ""2023-10-14T21:50:41.046Z"", ""updatedAt"": ""2023-10-14T21:50:41.046Z""}}, {""id"": 18, ""attributes"": {""option"": ""Kontakt per E-Mail möglich"", ""verificationCount"": null, ""createdAt"": ""2023-12-21T14:04:11.613Z"", ""updatedAt"": ""2023-12-21T14:04:11.613Z""}}]}}}";
;778;46;218;https://mecfsmed.de/adressen/alexander-hammouda-774728;"{""id"": 218, ""attributes"": {""first_name"": ""Alexander"", ""last_name"": ""Hammouda"", ""street"": ""Würmtalstr. 48"", ""zipcode"": ""81375"", ""city"": ""München"", ""phone"": ""+49 89 892 23 642"", ""email"": ""praxis@ganzmed-muc.de"", ""website"": ""ganzmed-muc.de"", ""title"": ""Dr. med."", ""insurance"": ""privat"", ""language"": """", ""createdAt"": ""2025-08-14T12:45:34.985Z"", ""updatedAt"": ""2025-09-22T12:40:43.420Z"", ""publishedAt"": ""2025-09-22T12:40:43.414Z"", ""slug"": ""alexander-hammouda-774728"", ""lng"": ""11.4904869"", ""lat"": ""48.11347"", ""comment"": ""individueller Behandlungsansatz, berücksichtigt die Konstitution des Patienten, strukturiertes Vorgehen, Expertise Darm + Mitochondrien"", ""professions"": {""data"": [{""id"": 3, ""attributes"": {""type"": ""Allgemeinmedizin"", ""createdAt"": ""2023-10-06T21:08:56.162Z"", ""updatedAt"": ""2023-10-09T17:45:11.930Z""}}]}, ""treatment_options"": {""data"": [{""id"": 1, ""attributes"": {""option"": ""Kennt sich mit ME/CFS aus"", ""verificationCount"": null, ""createdAt"": ""2023-10-07T23:02:44.680Z"", ""updatedAt"": ""2023-10-09T17:45:11.102Z""}}, {""id"": 5, ""attributes"": {""option"": ""Behandelt ME/CFS (z. B. off-label)"", ""verificationCount"": null, ""createdAt"": ""2023-10-07T23:04:28.225Z"", ""updatedAt"": ""2023-10-09T17:45:11.130Z""}}, {""id"": 10, ""attributes"": {""option"": ""Ich habe mich ernstgenommen gefühlt"", ""verificationCount"": null, ""createdAt"": ""2023-10-07T23:08:12.429Z"", ""updatedAt"": ""2023-10-09T17:45:11.159Z""}}, {""id"": 11, ""attributes"": {""option"": ""Expertise in Long/Post Covid"", ""verificationCount"": null, ""createdAt"": ""2023-10-07T23:10:03.413Z"", ""updatedAt"": ""2023-10-09T17:45:11.165Z""}}]}, ""reviews"": {""data"": []}, ""accessibility_options"": {""data"": [{""id"": 10, ""attributes"": {""option"": ""Es gibt Parkplätze direkt vor oder sehr nahe der Praxis"", ""verificationCount"": null, ""createdAt"": ""2023-10-08T21:27:30.132Z"", ""updatedAt"": ""2023-10-09T17:45:11.198Z""}}, {""id"": 13, ""attributes"": {""option"": ""Die Praxis ist reizarm"", ""verificationCount"": null, ""createdAt"": ""2023-10-14T21:23:45.341Z"", ""updatedAt"": ""2023-10-14T21:23:45.341Z""}}, {""id"": 17, ""attributes"": {""option"": ""Online-Terminvereinbarung möglich"", ""verificationCount"": null, ""createdAt"": ""2023-12-21T14:04:02.083Z"", ""updatedAt"": ""2023-12-21T14:04:02.083Z""}}, {""id"": 19, ""attributes"": {""option"": ""Bietet Telefontermine an"", ""verificationCount"": null, ""createdAt"": ""2023-12-21T14:04:28.958Z"", ""updatedAt"": ""2023-12-21T14:04:28.958Z""}}, {""id"": 16, ""attributes"": {""option"": ""Bietet Videosprechstunde an"", ""verificationCount"": null, ""createdAt"": ""2023-12-21T14:03:35.234Z"", ""updatedAt"": ""2023-12-21T14:04:35.539Z""}}]}}}";
;779;46;225;https://mecfsmed.de/adressen/thomas-schwarz-520260;"{""id"": 225, ""attributes"": {""first_name"": ""Thomas"", ""last_name"": ""Schwarz"", ""street"": ""Konrad-Goldmann-Str. 5 B"", ""zipcode"": ""79100"", ""city"": ""Freiburg"", ""phone"": ""+49 761 88892253"", ""email"": ""info@angio-schwarz.de"", ""website"": ""angio-schwarz.de"", ""title"": ""Prof. Dr. med."", ""insurance"": ""beides"", ""language"": """", ""createdAt"": ""2025-08-17T21:38:44.913Z"", ""updatedAt"": ""2025-09-22T12:52:34.096Z"", ""publishedAt"": ""2025-09-22T12:52:34.088Z"", ""slug"": ""thomas-schwarz-520260"", ""lng"": ""7.8342398"", ""lat"": ""47.9869107"", ""comment"": """", ""professions"": {""data"": [{""id"": 23, ""attributes"": {""type"": ""Angiologie"", ""createdAt"": ""2023-10-06T21:15:30.704Z"", ""updatedAt"": ""2023-10-09T17:45:12.075Z""}}]}, ""treatment_options"": {""data"": [{""id"": 20, ""attributes"": {""option"": ""Macht keine ME/CFS-Diagnostik"", ""verificationCount"": null, ""createdAt"": ""2025-02-10T22:21:15.083Z"", ""updatedAt"": ""2025-02-10T22:21:15.083Z""}}, {""id"": 1, ""attributes"": {""option"": ""Kennt sich mit ME/CFS aus"", ""verificationCount"": null, ""createdAt"": ""2023-10-07T23:02:44.680Z"", ""updatedAt"": ""2023-10-09T17:45:11.102Z""}}, {""id"": 2, ""attributes"": {""option"": ""Hat von ME/CFS schon einmal gehört"", ""verificationCount"": null, ""createdAt"": ""2023-10-07T23:03:09.797Z"", ""updatedAt"": ""2023-10-09T17:45:11.107Z""}}, {""id"": 3, ""attributes"": {""option"": ""Akzeptiert die Diagnose ME/CFS"", ""verificationCount"": null, ""createdAt"": ""2023-10-07T23:03:29.856Z"", ""updatedAt"": ""2023-10-09T17:45:11.112Z""}}, {""id"": 11, ""attributes"": {""option"": ""Expertise in Long/Post Covid"", ""verificationCount"": null, ""createdAt"": ""2023-10-07T23:10:03.413Z"", ""updatedAt"": ""2023-10-09T17:45:11.165Z""}}]}, ""reviews"": {""data"": []}, ""accessibility_options"": {""data"": []}}}";
;780;46;235;https://mecfsmed.de/adressen/benjamin-seliger-458694;"{""id"": 235, ""attributes"": {""first_name"": ""Benjamin"", ""last_name"": ""Seliger"", ""street"": ""Alter Markt 14"", ""zipcode"": ""06108"", ""city"": ""Halle (Saale)"", ""phone"": ""+49 345 2028856"", ""email"": ""praxis@allgemeinmedizin-seliger.de"", ""website"": ""allgemeinmedizin-seliger.de"", ""title"": """", ""insurance"": ""gesetzlich"", ""language"": """", ""createdAt"": ""2025-09-30T10:11:48.063Z"", ""updatedAt"": ""2025-09-30T10:28:19.326Z"", ""publishedAt"": ""2025-09-30T10:28:19.318Z"", ""slug"": ""benjamin-seliger-458694"", ""lng"": ""11.9678798"", ""lat"": ""51.4801201"", ""comment"": ""Auch die zwei Sprechstundenhilfen sind immer super freundlich auch wenn alles voll und stressig ist. Wenn das eine Zimmer frei ist, wo sie sonst Labor machen, wird mir immer angeboten, dort zu warten und das Fenster zu öffnen, damit ich nicht im Wartezimmer mit anderen Patient*innen warten muss. Herr Seliger kommuniziert auf Augenhöhe und nimmt meine Perspektive ernst und wir überlegen und entscheiden gemeinsam, welche Medikamente Sinn ergeben könnten und er passt auch auf, dass es nicht zu viele werden und man im Zweifel Wechselwirkungen nicht mehr einsehen kann. Ich erlebe ihn als zugewandt und trotzdem sehr verantwortungsbewusst. Rezepte für Ergo, Physio und Überweisungen oder Krankschreibungen und Atteste für die Uni haben noch nie ein Problem dargestellt. \nOb er die Diagnose vergibt, weiß ich nicht, da ich meine schon hatte, aber ich kann es mir gut vorstellen. Außerdem ist geplant, auch bald Videosprechstunden einzuführen. "", ""professions"": {""data"": [{""id"": 3, ""attributes"": {""type"": ""Allgemeinmedizin"", ""createdAt"": ""2023-10-06T21:08:56.162Z"", ""updatedAt"": ""2023-10-09T17:45:11.930Z""}}]}, ""treatment_options"": {""data"": [{""id"": 13, ""attributes"": {""option"": ""Gendersensibel"", ""verificationCount"": null, ""createdAt"": ""2023-12-21T13:56:05.411Z"", ""updatedAt"": ""2023-12-21T13:57:12.015Z""}}, {""id"": 14, ""attributes"": {""option"": ""Queer-/transfreundlich"", ""verificationCount"": null, ""createdAt"": ""2023-12-21T13:56:54.329Z"", ""updatedAt"": ""2023-12-21T13:57:17.467Z""}}, {""id"": 1, ""attributes"": {""option"": ""Kennt sich mit ME/CFS aus"", ""verificationCount"": null, ""createdAt"": ""2023-10-07T23:02:44.680Z"", ""updatedAt"": ""2023-10-09T17:45:11.102Z""}}, {""id"": 2, ""attributes"": {""option"": ""Hat von ME/CFS schon einmal gehört"", ""verificationCount"": null, ""createdAt"": ""2023-10-07T23:03:09.797Z"", ""updatedAt"": ""2023-10-09T17:45:11.107Z""}}, {""id"": 3, ""attributes"": {""option"": ""Akzeptiert die Diagnose ME/CFS"", ""verificationCount"": null, ""createdAt"": ""2023-10-07T23:03:29.856Z"", ""updatedAt"": ""2023-10-09T17:45:11.112Z""}}, {""id"": 5, ""attributes"": {""option"": ""Behandelt ME/CFS (z. B. off-label)"", ""verificationCount"": null, ""createdAt"": ""2023-10-07T23:04:28.225Z"", ""updatedAt"": ""2023-10-09T17:45:11.130Z""}}, {""id"": 6, ""attributes"": {""option"": ""Stellt Gutachten bzw. Atteste aus"", ""verificationCount"": null, ""createdAt"": ""2023-10-07T23:04:48.979Z"", ""updatedAt"": ""2023-10-09T17:45:11.136Z""}}, {""id"": 10, ""attributes"": {""option"": ""Ich habe mich ernstgenommen gefühlt"", ""verificationCount"": null, ""createdAt"": ""2023-10-07T23:08:12.429Z"", ""updatedAt"": ""2023-10-09T17:45:11.159Z""}}, {""id"": 11, ""attributes"": {""option"": ""Expertise in Long/Post Covid"", ""verificationCount"": null, ""createdAt"": ""2023-10-07T23:10:03.413Z"", ""updatedAt"": ""2023-10-09T17:45:11.165Z""}}]}, ""reviews"": {""data"": []}, ""accessibility_options"": {""data"": [{""id"": 6, ""attributes"": {""option"": ""In der Praxis wird auf Infektionsschutz geachtet (z. B. Maske tragen)"", ""verificationCount"": null, ""createdAt"": ""2023-10-08T21:27:58.672Z"", ""updatedAt"": ""2023-10-08T21:27:58.672Z""}}, {""id"": 18, ""attributes"": {""option"": ""Kontakt per E-Mail möglich"", ""verificationCount"": null, ""createdAt"": ""2023-12-21T14:04:11.613Z"", ""updatedAt"": ""2023-12-21T14:04:11.613Z""}}]}}}";
;781;46;234;https://mecfsmed.de/adressen/namrata-kafle-265197;"{""id"": 234, ""attributes"": {""first_name"": ""Namrata"", ""last_name"": ""Kafle"", ""street"": ""Schulze-Delitzsch-Str. 38"", ""zipcode"": ""70565"", ""city"": ""Stuttgart"", ""phone"": ""+49 711 40795002"", ""email"": ""info@umi-stuttgart.de"", ""website"": ""umi-stuttgart.de"", ""title"": null, ""insurance"": ""privat"", ""language"": ""Deutsch, Englisch "", ""createdAt"": ""2025-09-24T21:39:30.083Z"", ""updatedAt"": ""2025-11-17T11:42:50.937Z"", ""publishedAt"": ""2025-09-30T10:25:41.761Z"", ""slug"": ""namrata-kafle-265197"", ""lng"": ""9.127075699999999"", ""lat"": ""48.72033219999999"", ""comment"": ""Bieten u.a. INUSpherese, Oxyvenierung und Lasertherapie an."", ""professions"": {""data"": [{""id"": 2, ""attributes"": {""type"": ""Innere Medizin"", ""createdAt"": ""2023-10-03T13:47:21.671Z"", ""updatedAt"": ""2023-10-09T17:45:11.922Z""}}, {""id"": 3, ""attributes"": {""type"": ""Allgemeinmedizin"", ""createdAt"": ""2023-10-06T21:08:56.162Z"", ""updatedAt"": ""2023-10-09T17:45:11.930Z""}}]}, ""treatment_options"": {""data"": [{""id"": 12, ""attributes"": {""option"": ""Expertise in PostVac"", ""verificationCount"": null, ""createdAt"": ""2023-10-07T23:10:14.085Z"", ""updatedAt"": ""2023-10-09T17:45:11.171Z""}}, {""id"": 1, ""attributes"": {""option"": ""Kennt sich mit ME/CFS aus"", ""verificationCount"": null, ""createdAt"": ""2023-10-07T23:02:44.680Z"", ""updatedAt"": ""2023-10-09T17:45:11.102Z""}}, {""id"": 3, ""attributes"": {""option"": ""Akzeptiert die Diagnose ME/CFS"", ""verificationCount"": null, ""createdAt"": ""2023-10-07T23:03:29.856Z"", ""updatedAt"": ""2023-10-09T17:45:11.112Z""}}, {""id"": 10, ""attributes"": {""option"": ""Ich habe mich ernstgenommen gefühlt"", ""verificationCount"": null, ""createdAt"": ""2023-10-07T23:08:12.429Z"", ""updatedAt"": ""2023-10-09T17:45:11.159Z""}}, {""id"": 11, ""attributes"": {""option"": ""Expertise in Long/Post Covid"", ""verificationCount"": null, ""createdAt"": ""2023-10-07T23:10:03.413Z"", ""updatedAt"": ""2023-10-09T17:45:11.165Z""}}, {""id"": 21, ""attributes"": {""option"": ""Verordnet KEINE Off-label-Medikamente"", ""verificationCount"": null, ""createdAt"": ""2025-04-09T15:22:15.222Z"", ""updatedAt"": ""2025-04-09T15:22:15.222Z""}}]}, ""reviews"": {""data"": []}, ""accessibility_options"": {""data"": [{""id"": 1, ""attributes"": {""option"": ""Die Praxis ist stufenlos erreichbar"", ""verificationCount"": null, ""createdAt"": ""2023-10-07T23:17:10.789Z"", ""updatedAt"": ""2023-10-08T21:25:20.088Z""}}, {""id"": 2, ""attributes"": {""option"": ""Es gibt automatische Türen"", ""verificationCount"": null, ""createdAt"": ""2023-10-08T21:26:41.882Z"", ""updatedAt"": ""2023-10-08T21:26:41.882Z""}}, {""id"": 9, ""attributes"": {""option"": ""Es gibt in der Praxis Möglichkeiten, sich hinzulegen"", ""verificationCount"": null, ""createdAt"": ""2023-10-08T21:27:22.474Z"", ""updatedAt"": ""2023-10-09T17:45:11.192Z""}}, {""id"": 10, ""attributes"": {""option"": ""Es gibt Parkplätze direkt vor oder sehr nahe der Praxis"", ""verificationCount"": null, ""createdAt"": ""2023-10-08T21:27:30.132Z"", ""updatedAt"": ""2023-10-09T17:45:11.198Z""}}, {""id"": 17, ""attributes"": {""option"": ""Online-Terminvereinbarung möglich"", ""verificationCount"": null, ""createdAt"": ""2023-12-21T14:04:02.083Z"", ""updatedAt"": ""2023-12-21T14:04:02.083Z""}}, {""id"": 18, ""attributes"": {""option"": ""Kontakt per E-Mail möglich"", ""verificationCount"": null, ""createdAt"": ""2023-12-21T14:04:11.613Z"", ""updatedAt"": ""2023-12-21T14:04:11.613Z""}}]}}}";
