dr_id;dr_type;dr_is_dr;dr_title_raw;dr_firstname;dr_lastname;dr_org_name;dr_display_name;dr_website;dr_email;dr_accepts_gkv;dr_accepts_pkv;dr_notes
773;Pneumologie;1;Prof. Dr.;Thomas;Bahmer;;Prof. Dr. Thomas Bahmer;https://hamburgerlungenpraxis.de;hallo@hamburgerlungenpraxis.de;no;yes;
774;Allgemeinmedizin;1;Dr.;Thomas;Vogel;;Dr. Thomas Vogel;https://dr-thomas-vogel.de;praxis@dr-thomas-vogel.de;yes;yes;
775;Allgemeinmedizin;1;Dr.;Anke;Risse;;Dr. Anke Risse;https://allgemeinarzt-berlin.net;info@allgemeinarzt-berlin.net;no;yes;
776;Kinder- und Jugendmedizin;1;Prof. Dr.;Patrick;Gerner;;Prof. Dr. Patrick Gerner;https://ortenau-mvz.de/standorte/offenburg-ebertplatz/paediatrie;kinderarztpraxis-offenburg@ortenau-mvz.de;yes;yes;
777;Neurologie;1;Dr.;Katharina;Kirsch;;Dr. Katharina Kirsch;https://praxis-nau.de;mail@praxis-nau.de;yes;yes;
778;Allgemeinmedizin;1;Dr.;Alexander;Hammouda;;Dr. Alexander Hammouda;https://ganzmed-muc.de;praxis@ganzmed-muc.de;no;yes;
779;Angiologie;1;Prof. Dr.;Thomas;Schwarz;;Prof. Dr. Thomas Schwarz;https://angio-schwarz.de;info@angio-schwarz.de;yes;yes;
780;Allgemeinmedizin;0;;Benjamin;Seliger;;Benjamin Seliger;https://allgemeinmedizin-seliger.de;praxis@allgemeinmedizin-seliger.de;yes;no;
781;Innere Medizin;0;;Namrata;Kafle;;Namrata Kafle;https://umi-stuttgart.de;info@umi-stuttgart.de;no;yes;
